{"mode": 3, "n": 12, "cameras": [{"pos": [1.107550247930949, 1.3323033812931779e-17, 2.5403421008469858], "view": [[0.0, 0.9999999997497827, 0.0, -1.3323033809598125e-17], [-0.9166666664373009, 0.0, 0.3996526268427268, -9.218636783863865e-18], [0.3996526269427268, 0.0, 0.9166666666666667, -2.7712822918330757], [0.0, 0.0, 0.0, 1.0]], "proj": [[1.7320508075688774, 0.0, 0.0, 0.0], [0.0, 1.7320508075688774, 0.0, 0.0], [0.0, 0.0, -1.000020000200002, -0.02000020000200002], [0.0, 0.0, -1.0, 0.0]], "yfov": 1.0471975511965976, "pose": [[0.0, -0.9166666664373009, 0.3996526269427268, 1.107550247930949], [0.9999999997497827, 0.0, -0.0, 1.3323033812931779e-17], [-0.0, 0.3996526268427268, 0.9166666666666667, 2.5403421008469858], [0.0, 0.0, 0.0, 1.0]]}, {"pos": [-1.3516199671479336, -1.2381946085355835, 2.0784617188748067], "view": [[0.6754902941593988, -0.7373688779668406, 0.0, -2.331614570949485e-18], [0.5530266584751306, 0.5066177206195491, 0.6614378276661478, 7.79486529827923e-17], [-0.48772366897848557, -0.4467948329134579, 0.7500000000000001, -2.771282291833076], [0.0, 0.0, 0.0, 1.0]], "proj": [[1.7320508075688774, 0.0, 0.0, 0.0], [0.0, 1.7320508075688774, 0.0, 0.0], [0.0, 0.0, -1.000020000200002, -0.02000020000200002], [0.0, 0.0, -1.0, 0.0]], "yfov": 1.0471975511965976, "pose": [[0.6754902941593988, 0.5530266584751306, -0.48772366897848557, -1.3516199671479336], [-0.7373688779668406, 0.5066177206195491, -0.4467948329134579, -1.2381946085355835], [0.0, 0.6614378276661478, 0.7500000000000001, 2.0784617188748067], [0.0, 0.0, 0.0, 1.0]]}, {"pos": [0.1967888846991637, 2.2423078417256983, 1.6165813369026276], "view": [[-0.9961710407421818, 0.08742572470619764, 0.0, 3.4783792170966514e-17], [-0.05099833941194862, -0.5810997737662726, 0.8122328619674137, 3.3456109244625713e-17], [0.07101004660517528, 0.8091228556303135, 0.5833333333333333, -2.771282291833076], [0.0, 0.0, 0.0, 1.0]], "proj": [[1.7320508075688774, 0.0, 0.0, 0.0], [0.0, 1.7320508075688774, 0.0, 0.0], [0.0, 0.0, -1.000020000200002, -0.02000020000200002], [0.0, 0.0, -1.0, 0.0]], "yfov": 1.0471975511965976, "pose": [[-0.9961710407421818, -0.05099833941194862, 0.07101004660517528, 0.1967888846991637], [0.08742572470619764, -0.5810997737662726, 0.8091228556303135, 2.2423078417256983], [0.0, 0.8122328619674137, 0.5833333333333333, 1.6165813369026276], [0.0, 0.0, 0.0, 1.0]]}, {"pos": [1.532815720908645, -1.9992866756534955, 1.154700954930448], "view": [[0.7936007512043984, 0.60843886091193, 0.0, -1.1271055374621653e-16], [-0.2535161920466375, 0.33066697966849934, 0.9090593427863096, -4.487870544726351e-17], [0.5531070311479377, -0.7214301774833122, 0.4166666666666667, -2.7712822918330757], [0.0, 0.0, 0.0, 1.0]], "proj": [[1.7320508075688774, 0.0, 0.0, 0.0], [0.0, 1.7320508075688774, 0.0, 0.0], [0.0, 0.0, -1.000020000200002, -0.02000020000200002], [0.0, 0.0, -1.0, 0.0]], "yfov": 1.0471975511965976, "pose": [[0.7936007512043984, -0.2535161920466375, 0.5531070311479377, 1.532815720908645], [0.60843886091193, 0.33066697966849934, -0.7214301774833122, -1.9992866756534955], [-0.0, 0.9090593427863096, 0.4166666666666667, 1.154700954930448], [0.0, 0.0, 0.0, 1.0]]}, {"pos": [-2.642264503011752, 0.467379386406181, 0.6928205729582689], "view": [[-0.17418195036132494, -0.9847134852137275, 0.0, -4.9308826629645334e-18], [0.24617837130343187, -0.043545487590331236, 0.9682458364518541, 5.068180280012647e-17], [-0.9534447323531288, 0.1686509482572528, 0.25, -2.7712822918330753], [0.0, 0.0, 0.0, 1.0]], "proj": [[1.7320508075688774, 0.0, 0.0, 0.0], [0.0, 1.7320508075688774, 0.0, 0.0], [0.0, 0.0, -1.000020000200002, -0.02000020000200002], [0.0, 0.0, -1.0, 0.0]], "yfov": 1.0471975511965976, "pose": [[-0.17418195036132494, 0.24617837130343187, -0.9534447323531288, -2.642264503011752], [-0.9847134852137275, -0.043545487590331236, 0.1686509482572528, 0.467379386406181], [0.0, 0.9682458364518541, 0.25, 0.6928205729582689], [0.0, 0.0, 0.0, 1.0]]}, {"pos": [2.3301509203997925, 1.482251280105668, 0.23094019098608984], "view": [[-0.5367280525724616, 0.8437552947277277, 0.0, -2.7001678172782058e-17], [-0.0703129412273107, -0.04472733771437183, 0.996521728491783, -8.731367442883123e-18], [0.8408204848949202, 0.5348611667868837, 0.0833333333333334, -2.771282291833075], [0.0, 0.0, 0.0, 1.0]], "proj": [[1.7320508075688774, 0.0, 0.0, 0.0], [0.0, 1.7320508075688774, 0.0, 0.0], [0.0, 0.0, -1.000020000200002, -0.02000020000200002], [0.0, 0.0, -1.0, 0.0]], "yfov": 1.0471975511965976, "pose": [[-0.5367280525724616, -0.0703129412273107, 0.8408204848949202, 2.3301509203997925], [0.8437552947277277, -0.04472733771437183, 0.5348611667868837, 1.482251280105668], [0.0, 0.996521728491783, 0.0833333333333334, 0.23094019098608984], [0.0, 0.0, 0.0, 1.0]]}, {"pos": [-0.716934416560268, -2.6669602943362847, -0.23094019098608953], "view": [[0.9657150742788684, -0.2596043048754424, 0.0, -8.215640352099821e-17], [-0.02163369207295352, -0.08047625618990566, 0.9965217284917832, 5.561195386880874e-18], [-0.2587013306703046, -0.9623560552440917, -0.08333333333333329, -2.7712822918330757], [0.0, 0.0, 0.0, 1.0]], "proj": [[1.7320508075688774, 0.0, 0.0, 0.0], [0.0, 1.7320508075688774, 0.0, 0.0], [0.0, 0.0, -1.000020000200002, -0.02000020000200002], [0.0, 0.0, -1.0, 0.0]], "yfov": 1.0471975511965976, "pose": [[0.9657150742788684, -0.02163369207295352, -0.2587013306703046, -0.716934416560268], [-0.2596043048754424, -0.08047625618990566, -0.9623560552440917, -2.6669602943362847], [0.0, 0.9965217284917832, -0.08333333333333329, -0.23094019098608953], [0.0, 0.0, 0.0, 1.0]]}, {"pos": [-1.2367437724271524, 2.3812748762114837, -0.6928205729582694], "view": [[-0.8874484291536001, -0.4609070246657655, 0.0, 8.262437593082284e-17], [-0.11522675616644146, 0.22186210728840017, 0.9682458364518542, -9.88872514589615e-17], [-0.44627130771622087, 0.8592682467712013, -0.25000000000000017, -2.771282291833076], [0.0, 0.0, 0.0, 1.0]], "proj": [[1.7320508075688774, 0.0, 0.0, 0.0], [0.0, 1.7320508075688774, 0.0, 0.0], [0.0, 0.0, -1.000020000200002, -0.02000020000200002], [0.0, 0.0, -1.0, 0.0]], "yfov": 1.0471975511965976, "pose": [[-0.8874484291536001, -0.11522675616644146, -0.44627130771622087, -1.2367437724271524], [-0.4609070246657655, 0.22186210728840017, 0.8592682467712013, 2.3812748762114837], [0.0, 0.9682458364518542, -0.25000000000000017, -0.6928205729582694], [0.0, 0.0, 0.0, 1.0]]}, {"pos": [2.366394624553603, -0.8642035215122097, -1.1547009549304486], "view": [[0.34303863083637165, 0.9393212962207872, 0.0, 1.3076953978476417e-17], [0.39138387342532815, -0.14293276284848824, 0.9090593427863094, -2.985757157706617e-17], [0.8538988003955174, -0.31184247236703516, -0.41666666666666685, -2.7712822918330753], [0.0, 0.0, 0.0, 1.0]], "proj": [[1.7320508075688774, 0.0, 0.0, 0.0], [0.0, 1.7320508075688774, 0.0, 0.0], [0.0, 0.0, -1.000020000200002, -0.02000020000200002], [0.0, 0.0, -1.0, 0.0]], "yfov": 1.0471975511965976, "pose": [[0.34303863083637165, 0.39138387342532815, 0.8538988003955174, 2.366394624553603], [0.9393212962207872, -0.14293276284848824, -0.31184247236703516, -0.8642035215122097], [-0.0, 0.9090593427863094, -0.41666666666666685, -1.1547009549304486], [0.0, 0.0, 0.0, 1.0]]}, {"pos": [-2.0806339513671457, -0.8588554492020384, -1.6165813369026278], "view": [[0.3815564084279514, -0.9243455560240054, 0.0, 1.7706274832536787e-18], [-0.5392015743473366, -0.22257457158297173, 0.8122328619674136, -3.258076644280531e-17], [-0.7507838366011071, -0.3099126536957536, -0.5833333333333335, -2.7712822918330757], [0.0, 0.0, 0.0, 1.0]], "proj": [[1.7320508075688774, 0.0, 0.0, 0.0], [0.0, 1.7320508075688774, 0.0, 0.0], [0.0, 0.0, -1.000020000200002, -0.02000020000200002], [0.0, 0.0, -1.0, 0.0]], "yfov": 1.0471975511965976,